"document_path","data_project_title","data_explore_call_number","data_project_starting_and_end_date","data_main_applicant_responsible_for_project","data_function","data_laboratory_department","data_institution_of_main_applicant","data_report","data_reporting_period","data_coapplicants","data_coapplicants_0_name","data_coapplicants_0_function","data_coapplicants_0_institution","data_coapplicants_0_roles_and_main_tasks","data_coapplicants_1_name","data_coapplicants_1_function","data_coapplicants_1_institution","data_coapplicants_1_roles_and_main_tasks","data_coapplicants_2_name","data_coapplicants_2_function","data_coapplicants_2_institution","data_coapplicants_2_roles_and_main_tasks","data_coapplicants_3_name","data_coapplicants_3_function","data_coapplicants_3_institution","data_coapplicants_3_roles_and_main_tasks","data_coapplicants_4_name","data_coapplicants_4_function","data_coapplicants_4_institution","data_coapplicants_4_roles_and_main_tasks","data_coapplicants_5_name","data_coapplicants_5_function","data_coapplicants_5_institution","data_coapplicants_5_roles_and_main_tasks","data_coapplicants_6_name","data_coapplicants_6_function","data_coapplicants_6_institution","data_coapplicants_6_roles_and_main_tasks","data_coapplicants_7_name","data_coapplicants_7_function","data_coapplicants_7_institution","data_coapplicants_7_roles_and_main_tasks","data_coapplicants_8_name","data_coapplicants_8_function","data_coapplicants_8_institution","data_coapplicants_8_roles_and_main_tasks","data_coapplicants_9_name","data_coapplicants_9_function","data_coapplicants_9_institution","data_coapplicants_9_roles_and_main_tasks","data_coapplicants_10_name","data_coapplicants_10_function","data_coapplicants_10_institution","data_coapplicants_10_roles_and_main_tasks","data_coapplicants_11_name","data_coapplicants_11_function","data_coapplicants_11_institution","data_coapplicants_11_roles_and_main_tasks","data_coapplicants_12_name","data_coapplicants_12_function","data_coapplicants_12_institution","data_coapplicants_12_roles_and_main_tasks","data_coapplicants_13_name","data_coapplicants_13_function","data_coapplicants_13_institution","data_coapplicants_13_roles_and_main_tasks","data_coapplicants_14_name","data_coapplicants_14_function","data_coapplicants_14_institution","data_coapplicants_14_roles_and_main_tasks","data_coapplicants_15_name","data_coapplicants_15_function","data_coapplicants_15_institution","data_coapplicants_15_roles_and_main_tasks","data_coapplicants_16_name","data_coapplicants_16_function","data_coapplicants_16_institution","data_coapplicants_16_roles_and_main_tasks","data_coapplicants_17_name","data_coapplicants_17_function","data_coapplicants_17_institution","data_coapplicants_17_roles_and_main_tasks","data_coapplicants_18_name","data_coapplicants_18_function","data_coapplicants_18_institution","data_coapplicants_18_roles_and_main_tasks","data_coapplicants_19_name","data_coapplicants_19_function","data_coapplicants_19_institution","data_coapplicants_19_roles_and_main_tasks","data_coapplicants_20_name","data_coapplicants_20_function","data_coapplicants_20_institution","data_coapplicants_20_roles_and_main_tasks"
"raw/ORD_files/Contribute/Atienza - 5th call/final scientific report/ETHD_ORD_measure_1_scientific reporting template_v5_Contribute_25.06.23_FINAL.pdf","Boost for the validation of seizure detection algorithms with ORD (Boost4Epilepsy)",5,"1 Oct 2023 - 30 September 2024","David Atienza","Full Professor","EPFL STI IEM Embedded Systems Laboratory","EPFL","Final","10/23 to 09/24","[]",NA,NA,NA,NA,NA,NA,NA,NA,NA,NA,NA,NA,NA,NA,NA,NA,NA,NA,NA,NA,NA,NA,NA,NA,NA,NA,NA,NA,NA,NA,NA,NA,NA,NA,NA,NA,NA,NA,NA,NA,NA,NA,NA,NA,NA,NA,NA,NA,NA,NA,NA,NA,NA,NA,NA,NA,NA,NA,NA,NA,NA,NA,NA,NA,NA,NA,NA,NA,NA,NA,NA,NA,NA,NA,NA,NA,NA,NA,NA,NA,NA,NA,NA,NA
"raw/ORD_files/Contribute/Barriere - 6th call/final scientific report/ETHD_ORD_measure_1_scientific reporting template_v5_Contribute_25.06.23_FINAL.pdf","Open Mechanized Foundations for JavaScript Regular Expressions",6,"01.04.24 to 31.03.25","Aurèle Barrière","PostDoc","EPFL IC IINFCOM SYSTEMF","EPFL","Final","01.04.24 to 31.03.25","[]",NA,NA,NA,NA,NA,NA,NA,NA,NA,NA,NA,NA,NA,NA,NA,NA,NA,NA,NA,NA,NA,NA,NA,NA,NA,NA,NA,NA,NA,NA,NA,NA,NA,NA,NA,NA,NA,NA,NA,NA,NA,NA,NA,NA,NA,NA,NA,NA,NA,NA,NA,NA,NA,NA,NA,NA,NA,NA,NA,NA,NA,NA,NA,NA,NA,NA,NA,NA,NA,NA,NA,NA,NA,NA,NA,NA,NA,NA,NA,NA,NA,NA,NA,NA
"raw/ORD_files/Contribute/Bokulich - 3rd call/final scientific report/ETHD_ORD_measure_1_scientific_report.pdf","Building Open-Source Tools for reproducible interaction with biological ORD databases",3,"01.05.23 to 30.04.24","Nicholas Bokulich","Professor","Food Systems Biotechnology","ETH Zurich","Final","01.05.23 to 30.04.24","[]",NA,NA,NA,NA,NA,NA,NA,NA,NA,NA,NA,NA,NA,NA,NA,NA,NA,NA,NA,NA,NA,NA,NA,NA,NA,NA,NA,NA,NA,NA,NA,NA,NA,NA,NA,NA,NA,NA,NA,NA,NA,NA,NA,NA,NA,NA,NA,NA,NA,NA,NA,NA,NA,NA,NA,NA,NA,NA,NA,NA,NA,NA,NA,NA,NA,NA,NA,NA,NA,NA,NA,NA,NA,NA,NA,NA,NA,NA,NA,NA,NA,NA,NA,NA
"raw/ORD_files/Contribute/Ghiggi - 4th call/final scientific report/ETHD_ORD_measure_1_scien-report_GPM-API.pdf","GPM-API: A Python Interface to Access the Global Precipitation Measurement Mission Satellites Open Data Archive",24556,"01.08.2023 – 31.03.2024","Gionata Ghiggi","PhD Student","Environmental Remote Sensing Laboratory","ENAC","Final","01.08.2023 – 31.03.2024","[]",NA,NA,NA,NA,NA,NA,NA,NA,NA,NA,NA,NA,NA,NA,NA,NA,NA,NA,NA,NA,NA,NA,NA,NA,NA,NA,NA,NA,NA,NA,NA,NA,NA,NA,NA,NA,NA,NA,NA,NA,NA,NA,NA,NA,NA,NA,NA,NA,NA,NA,NA,NA,NA,NA,NA,NA,NA,NA,NA,NA,NA,NA,NA,NA,NA,NA,NA,NA,NA,NA,NA,NA,NA,NA,NA,NA,NA,NA,NA,NA,NA,NA,NA,NA
"raw/ORD_files/Contribute/Hutter - 6th call/final scientific report/ETHD_ORD_measure_1_scientific reporting.pdf","Fostering Research on Mobile Robotics with High-Quality Data and Open Tooling",6,"1 May 2024 to 30 April 2025","Marco Hutter","Principle Investigator","Robotics Systems Lab, D-MAVT","ETH Zurich","Final",NA,NA,"Turcan Tuna",NA,"ETH Zurich",NA,"Lanke Frank Tarimo Fu",NA,"University of Oxford",NA,"Cedric Weibel",NA,"ETH Zurich",NA,"Katharine Patterson",NA,"ETH Zurich",NA,"Benjamin Krummenacher",NA,"ETH Zurich",NA,"Matthias Müller",NA,"ETH Zurich",NA,"Julian Nubert",NA,"ETH Zurich",NA,"Maurice Fallon",NA,"University of Oxford",NA,"Cesar Cadena",NA,"ETH Zurich",NA,"Marco Hutter",NA,"ETH Zurich",NA,NA,NA,NA,NA,NA,NA,NA,NA,NA,NA,NA,NA,NA,NA,NA,NA,NA,NA,NA,NA,NA,NA,NA,NA,NA,NA,NA,NA,NA,NA,NA,NA,NA,NA,NA,NA,NA,NA,NA,NA,NA,NA,NA,NA
"raw/ORD_files/Contribute/Hutter - 6th call/final scientific report/appendix - action_report_jungfraujoch_compressed.pdf","Data collection for legged robots at high altitude",0,"2024-11-02 to 2024-11-03","Jonas Frey","Robotic researcher","Robotic Systems Lab","ETH Zurich","Final","2024",NA,"Katharine Patterson","Robotic researcher","ETH Zurich","Data collection, robotics research","Tianao Xu","Robotic researcher","ETH Zurich","Data collection, robotics research","Ross Thompson","Robotic researcher","ETH Zurich","Data collection, robotics research","Viola Ferrari","Robotic researcher","ETH Zurich","Data collection, robotics research",NA,NA,NA,NA,NA,NA,NA,NA,NA,NA,NA,NA,NA,NA,NA,NA,NA,NA,NA,NA,NA,NA,NA,NA,NA,NA,NA,NA,NA,NA,NA,NA,NA,NA,NA,NA,NA,NA,NA,NA,NA,NA,NA,NA,NA,NA,NA,NA,NA,NA,NA,NA,NA,NA,NA,NA,NA,NA,NA,NA,NA,NA,NA,NA,NA,NA,NA,NA
"raw/ORD_files/Contribute/Hutter - 6th call/final scientific report/appendix - dashboard_klenkram.pdf",NA,0,NA,NA,NA,NA,NA,"other",NA,"[]",NA,NA,NA,NA,NA,NA,NA,NA,NA,NA,NA,NA,NA,NA,NA,NA,NA,NA,NA,NA,NA,NA,NA,NA,NA,NA,NA,NA,NA,NA,NA,NA,NA,NA,NA,NA,NA,NA,NA,NA,NA,NA,NA,NA,NA,NA,NA,NA,NA,NA,NA,NA,NA,NA,NA,NA,NA,NA,NA,NA,NA,NA,NA,NA,NA,NA,NA,NA,NA,NA,NA,NA,NA,NA,NA,NA,NA,NA,NA,NA,NA,NA,NA,NA
"raw/ORD_files/Contribute/Hutter - 6th call/final scientific report/appendix - scientific_accepted_paper_compressed.pdf","Boxi: Design Decisions in the Context of Algorithmic Performance for Robotics",0,NA,NA,NA,NA,NA,"other",NA,NA,"Julian Nubert",NA,NA,NA,"Jonas Frey",NA,NA,NA,NA,NA,NA,NA,NA,NA,NA,NA,NA,NA,NA,NA,NA,NA,NA,NA,NA,NA,NA,NA,NA,NA,NA,NA,NA,NA,NA,NA,NA,NA,NA,NA,NA,NA,NA,NA,NA,NA,NA,NA,NA,NA,NA,NA,NA,NA,NA,NA,NA,NA,NA,NA,NA,NA,NA,NA,NA,NA,NA,NA,NA,NA,NA,NA,NA,NA,NA,NA,NA,NA,NA,NA,NA,NA,NA,NA
"raw/ORD_files/Contribute/Kim - 2nd call/final scientific report/ETHD_ORD_report_KIM_scientific.pdf","MiShMASh: Microbiome sequence and metadata availability standards",2,"01 January 2023 – 31 December 2023","Lina Kim","Doctoral Candidate","Food Systems Biotechnology / Department of Health Sciences and Technology","ETH Zürich","Final","01/23 to 12/23","[]",NA,NA,NA,NA,NA,NA,NA,NA,NA,NA,NA,NA,NA,NA,NA,NA,NA,NA,NA,NA,NA,NA,NA,NA,NA,NA,NA,NA,NA,NA,NA,NA,NA,NA,NA,NA,NA,NA,NA,NA,NA,NA,NA,NA,NA,NA,NA,NA,NA,NA,NA,NA,NA,NA,NA,NA,NA,NA,NA,NA,NA,NA,NA,NA,NA,NA,NA,NA,NA,NA,NA,NA,NA,NA,NA,NA,NA,NA,NA,NA,NA,NA,NA,NA
"raw/ORD_files/Contribute/Kim - 2nd call/final scientific report/MiShMASh DMP.pdf","Project MiShMASh: Microbiome sequence and metadata standardization",0,NA,NA,NA,"Laboratory of Food Systems Biotechnology","ETH Zürich","other",NA,"[]",NA,NA,NA,NA,NA,NA,NA,NA,NA,NA,NA,NA,NA,NA,NA,NA,NA,NA,NA,NA,NA,NA,NA,NA,NA,NA,NA,NA,NA,NA,NA,NA,NA,NA,NA,NA,NA,NA,NA,NA,NA,NA,NA,NA,NA,NA,NA,NA,NA,NA,NA,NA,NA,NA,NA,NA,NA,NA,NA,NA,NA,NA,NA,NA,NA,NA,NA,NA,NA,NA,NA,NA,NA,NA,NA,NA,NA,NA,NA,NA,NA,NA,NA,NA
"raw/ORD_files/Contribute/Kim - 2nd call/final scientific report/tables (appendix).pdf",NA,0,NA,NA,NA,NA,NA,"other",NA,NA,"INSUFFICIENT DATA","INSUFFICIENT DATA","INSUFFICIENT DATA","INSUFFICIENT DATA",NA,NA,NA,NA,NA,NA,NA,NA,NA,NA,NA,NA,NA,NA,NA,NA,NA,NA,NA,NA,NA,NA,NA,NA,NA,NA,NA,NA,NA,NA,NA,NA,NA,NA,NA,NA,NA,NA,NA,NA,NA,NA,NA,NA,NA,NA,NA,NA,NA,NA,NA,NA,NA,NA,NA,NA,NA,NA,NA,NA,NA,NA,NA,NA,NA,NA,NA,NA,NA,NA,NA,NA,NA,NA,NA,NA,NA,NA,NA,NA
"raw/ORD_files/Contribute/Lange - 5th call/final scientific report/ProjectReport_Contribute_LangeClemens.pdf","Seamlessly containerised physics analysis workloads",5,"01.03.2024 to 30.06.2025","Clemens Lange","Tenure-Track Scientist","Center of Neutron and Muon Sciences","Paul Scherrer Institute","Final",NA,"[]",NA,NA,NA,NA,NA,NA,NA,NA,NA,NA,NA,NA,NA,NA,NA,NA,NA,NA,NA,NA,NA,NA,NA,NA,NA,NA,NA,NA,NA,NA,NA,NA,NA,NA,NA,NA,NA,NA,NA,NA,NA,NA,NA,NA,NA,NA,NA,NA,NA,NA,NA,NA,NA,NA,NA,NA,NA,NA,NA,NA,NA,NA,NA,NA,NA,NA,NA,NA,NA,NA,NA,NA,NA,NA,NA,NA,NA,NA,NA,NA,NA,NA,NA,NA
"raw/ORD_files/Contribute/Leonarski - 2nd call/final scientific report/ETHD_ORD_Contribute_Leonarski_report.pdf","Enabling compliance with ORD standards for cutting-edge time-resolved experiments at high data-rates",2,"01.01.2023 – 31.12.2023","Filip Leonarski","Photon Science Division","Laboratory for Macromolecules and Bioimaging, Photon Science Division","Paul Scherrer Institute","Final","01/23 to 12/23","[]",NA,NA,NA,NA,NA,NA,NA,NA,NA,NA,NA,NA,NA,NA,NA,NA,NA,NA,NA,NA,NA,NA,NA,NA,NA,NA,NA,NA,NA,NA,NA,NA,NA,NA,NA,NA,NA,NA,NA,NA,NA,NA,NA,NA,NA,NA,NA,NA,NA,NA,NA,NA,NA,NA,NA,NA,NA,NA,NA,NA,NA,NA,NA,NA,NA,NA,NA,NA,NA,NA,NA,NA,NA,NA,NA,NA,NA,NA,NA,NA,NA,NA,NA,NA
"raw/ORD_files/Contribute/Lignos - 3rd call/final scientific report/LignosETHD_ORD_measure_1_scientific_v5_Contribute_Call3_FINAL.pdf","Databases and front-end web-based software for performance-based natural hazards engineering",3,"June 2023 – May 31 2024","Dimitrios Lignos","Full Professor","Resilient Steel Structures Laboratory, Civil Engineering Institute","EPFL","Final",NA,"[]",NA,NA,NA,NA,NA,NA,NA,NA,NA,NA,NA,NA,NA,NA,NA,NA,NA,NA,NA,NA,NA,NA,NA,NA,NA,NA,NA,NA,NA,NA,NA,NA,NA,NA,NA,NA,NA,NA,NA,NA,NA,NA,NA,NA,NA,NA,NA,NA,NA,NA,NA,NA,NA,NA,NA,NA,NA,NA,NA,NA,NA,NA,NA,NA,NA,NA,NA,NA,NA,NA,NA,NA,NA,NA,NA,NA,NA,NA,NA,NA,NA,NA,NA,NA
"raw/ORD_files/Contribute/Miron - 3rd call/final scientific reporting/ETHD_ORD_measure_1_scientific reporting template_v5_Contribute_Miron.pdf","THRACE Traceable thermodynamic datasets for chemical modeling",3,"09.02.2023 – 31.08.2024","George-Dan Miron","scientist","Laboratory for Waste Management","Paul Scherrer Institute","Final",NA,"[]",NA,NA,NA,NA,NA,NA,NA,NA,NA,NA,NA,NA,NA,NA,NA,NA,NA,NA,NA,NA,NA,NA,NA,NA,NA,NA,NA,NA,NA,NA,NA,NA,NA,NA,NA,NA,NA,NA,NA,NA,NA,NA,NA,NA,NA,NA,NA,NA,NA,NA,NA,NA,NA,NA,NA,NA,NA,NA,NA,NA,NA,NA,NA,NA,NA,NA,NA,NA,NA,NA,NA,NA,NA,NA,NA,NA,NA,NA,NA,NA,NA,NA,NA,NA
"raw/ORD_files/Contribute/Schartner - 2nd call/final scientific report/ETHD_ORD_measure_1_scientific reporting template_v5_Contribute_25.06.23_FINAL.pdf","Mitigating spaceborne radio frequency interference through satellite database",2,"01.02.2023 – 31.07.2023","Matthias Schartner","Postdoctoral researcher","Chair of Space Geodesy","ETH Zurich","Final","01.02.2023 – 31.07.2023","[]",NA,NA,NA,NA,NA,NA,NA,NA,NA,NA,NA,NA,NA,NA,NA,NA,NA,NA,NA,NA,NA,NA,NA,NA,NA,NA,NA,NA,NA,NA,NA,NA,NA,NA,NA,NA,NA,NA,NA,NA,NA,NA,NA,NA,NA,NA,NA,NA,NA,NA,NA,NA,NA,NA,NA,NA,NA,NA,NA,NA,NA,NA,NA,NA,NA,NA,NA,NA,NA,NA,NA,NA,NA,NA,NA,NA,NA,NA,NA,NA,NA,NA,NA,NA
"raw/ORD_files/Contribute/Schartner - 5th call/final scientific report/ETHD_ORD_measure_1_scientific reporting template_v5_Contribute_25.06.23_FINAL_MS.pdf","Global Geodetic VLBI Data Hub (GloVDH)",5,"01.01.2024 – 31.09.2024","Matthias Schartner","Postdoctoral researcher","Chair of Space Geodesy","ETH Zurich","Final","01.01.2024 – 31.09.2024",NA,NA,NA,NA,NA,NA,NA,NA,NA,NA,NA,NA,NA,NA,NA,NA,NA,NA,NA,NA,NA,NA,NA,NA,NA,NA,NA,NA,NA,NA,NA,NA,NA,NA,NA,NA,NA,NA,NA,NA,NA,NA,NA,NA,NA,NA,NA,NA,NA,NA,NA,NA,NA,NA,NA,NA,NA,NA,NA,NA,NA,NA,NA,NA,NA,NA,NA,NA,NA,NA,NA,NA,NA,NA,NA,NA,NA,NA,NA,NA,NA,NA,NA,NA,NA
"raw/ORD_files/Contribute/Schrimpf - 5th call/final scientific report/ETHD_ORD_measure_1_scientific reporting template_v5_Contribute_25.06.23_FINAL_updated_5th_call.pdf","Making Human Brain And Behavior Data Accessible For Modeling via Brain-Score",5,"01.12.2023 – 30.11.2024","Martin Schrimpf","Prof.","UPSCHRIMPF1","INX-SV","Final",NA,"[]",NA,NA,NA,NA,NA,NA,NA,NA,NA,NA,NA,NA,NA,NA,NA,NA,NA,NA,NA,NA,NA,NA,NA,NA,NA,NA,NA,NA,NA,NA,NA,NA,NA,NA,NA,NA,NA,NA,NA,NA,NA,NA,NA,NA,NA,NA,NA,NA,NA,NA,NA,NA,NA,NA,NA,NA,NA,NA,NA,NA,NA,NA,NA,NA,NA,NA,NA,NA,NA,NA,NA,NA,NA,NA,NA,NA,NA,NA,NA,NA,NA,NA,NA,NA
"raw/ORD_files/Contribute/Schrimpf - 5th call/final scientific report/ETHD_ORD_measure_1_scientific reporting template_v5_updated_5th_call_Appendix.pdf",NA,5,NA,"Martin Schrimpf",NA,NA,NA,"other",NA,"[]",NA,NA,NA,NA,NA,NA,NA,NA,NA,NA,NA,NA,NA,NA,NA,NA,NA,NA,NA,NA,NA,NA,NA,NA,NA,NA,NA,NA,NA,NA,NA,NA,NA,NA,NA,NA,NA,NA,NA,NA,NA,NA,NA,NA,NA,NA,NA,NA,NA,NA,NA,NA,NA,NA,NA,NA,NA,NA,NA,NA,NA,NA,NA,NA,NA,NA,NA,NA,NA,NA,NA,NA,NA,NA,NA,NA,NA,NA,NA,NA,NA,NA,NA,NA
"raw/ORD_files/Contribute/Schrimpf - 6th call/final scientific report/20250424 ETHD_ORD_measure_1_scientific report_6th_call_UPDATED.pdf","Making Temporal Brain Recordings Accessible For Modeling via Brain-Score",6,"April 2024 – March 2025","Martin Schrimpf","Prof.","UPSCHRIMPF1","INX-SV","Final","INSUFFICIENT DATA","[]",NA,NA,NA,NA,NA,NA,NA,NA,NA,NA,NA,NA,NA,NA,NA,NA,NA,NA,NA,NA,NA,NA,NA,NA,NA,NA,NA,NA,NA,NA,NA,NA,NA,NA,NA,NA,NA,NA,NA,NA,NA,NA,NA,NA,NA,NA,NA,NA,NA,NA,NA,NA,NA,NA,NA,NA,NA,NA,NA,NA,NA,NA,NA,NA,NA,NA,NA,NA,NA,NA,NA,NA,NA,NA,NA,NA,NA,NA,NA,NA,NA,NA,NA,NA
"raw/ORD_files/Contribute/Simeoni - 2nd call/final scientific report/scientific_report.pdf","Pycsou FAIR: A Community Marketplace for Discovering and Sharing Image Reconstruction Plugins",2,"January 1st, 2023 – September 30th, 2023","Matthieu Simeoni","Principal Scientist and Lecturer, Head of the EPFL Hub for Advanced Image Reconstruction","EPFL VPA VPA-AVP-CP IMAGING","EPFL","Final",NA,NA,NA,NA,NA,NA,NA,NA,NA,NA,NA,NA,NA,NA,NA,NA,NA,NA,NA,NA,NA,NA,NA,NA,NA,NA,NA,NA,NA,NA,NA,NA,NA,NA,NA,NA,NA,NA,NA,NA,NA,NA,NA,NA,NA,NA,NA,NA,NA,NA,NA,NA,NA,NA,NA,NA,NA,NA,NA,NA,NA,NA,NA,NA,NA,NA,NA,NA,NA,NA,NA,NA,NA,NA,NA,NA,NA,NA,NA,NA,NA,NA,NA,NA,NA,NA
"raw/ORD_files/Contribute/Sudret - 4th call/final scientific report/ETHD_ORD - Sudret - Scientific reporting .pdf","Open Platform for benchmarking Uncertainty Quantification Algorithms - UQBench",0,"September 2023 – June 2024","Bruno Sudret","Full Professor","Chair of Risk, Safety and Uncertainty Quantification, Department of Civil, Environmental and Geomatic Engineering","ETH Zurich","Final",NA,NA,NA,NA,NA,NA,NA,NA,NA,NA,NA,NA,NA,NA,NA,NA,NA,NA,NA,NA,NA,NA,NA,NA,NA,NA,NA,NA,NA,NA,NA,NA,NA,NA,NA,NA,NA,NA,NA,NA,NA,NA,NA,NA,NA,NA,NA,NA,NA,NA,NA,NA,NA,NA,NA,NA,NA,NA,NA,NA,NA,NA,NA,NA,NA,NA,NA,NA,NA,NA,NA,NA,NA,NA,NA,NA,NA,NA,NA,NA,NA,NA,NA,NA,NA,NA
"raw/ORD_files/Contribute/Ando/final report/ETHD_ORD_measure_1_scientific reporting template_v5_Contribute_25.06.23_FINAL_EdwardAndo.pdf","Reinforcing open data analysis with spam: FAIR packaging and workshop organisation",3,"March → October 2023","Edward Andò","Scientist","Center for Imaging","EPFL","Final",NA,NA,NA,NA,NA,NA,NA,NA,NA,NA,NA,NA,NA,NA,NA,NA,NA,NA,NA,NA,NA,NA,NA,NA,NA,NA,NA,NA,NA,NA,NA,NA,NA,NA,NA,NA,NA,NA,NA,NA,NA,NA,NA,NA,NA,NA,NA,NA,NA,NA,NA,NA,NA,NA,NA,NA,NA,NA,NA,NA,NA,NA,NA,NA,NA,NA,NA,NA,NA,NA,NA,NA,NA,NA,NA,NA,NA,NA,NA,NA,NA,NA,NA,NA,NA,NA
"raw/ORD_files/Contribute/Bosch/final report/ETHD_ORD_measure_1_scientific reporting template_v5_Contribute_25.06.23_FINAL.pdf","TSDF (Time Series DataFrame) - A data storage architecture for scalable processing of heterogeneous and geospatial time series",3,"01/09/23 to 30/08/24","Martí Bosch","Computer Scientist","ENAC IIE CEAT","EPFL","Final",NA,"[]",NA,NA,NA,NA,NA,NA,NA,NA,NA,NA,NA,NA,NA,NA,NA,NA,NA,NA,NA,NA,NA,NA,NA,NA,NA,NA,NA,NA,NA,NA,NA,NA,NA,NA,NA,NA,NA,NA,NA,NA,NA,NA,NA,NA,NA,NA,NA,NA,NA,NA,NA,NA,NA,NA,NA,NA,NA,NA,NA,NA,NA,NA,NA,NA,NA,NA,NA,NA,NA,NA,NA,NA,NA,NA,NA,NA,NA,NA,NA,NA,NA,NA,NA,NA
"raw/ORD_files/Contribute/Haindl/final report/ETHD_ORD_measure_1_scientific reporting template_v5_Contribute_25.06.23_FINAL_MH.pdf","MAST (MAsonry Shake-Table database) - A comprehensive database and collaborative resource for advancing seismic assessment of unreinforced masonry buildings",5,"November 1, 2023 – June 31, 2024","Mathias Haindl Carvallo","PhD Student","EESD","EPFL","Final",NA,NA,"Haxh, M.",NA,NA,NA,"Beyer, K.",NA,NA,NA,"Smith, S. F. C.",NA,NA,NA,NA,NA,NA,NA,NA,NA,NA,NA,NA,NA,NA,NA,NA,NA,NA,NA,NA,NA,NA,NA,NA,NA,NA,NA,NA,NA,NA,NA,NA,NA,NA,NA,NA,NA,NA,NA,NA,NA,NA,NA,NA,NA,NA,NA,NA,NA,NA,NA,NA,NA,NA,NA,NA,NA,NA,NA,NA,NA,NA,NA,NA,NA,NA,NA,NA,NA,NA,NA,NA,NA,NA,NA
"raw/ORD_files/Contribute/Hughes/final report/ETHD_ORD_measure_1_scientific reporting template_v5_Contribute_25.06.23_FINAL.pdf","Enabling Open Datasets of Soft Tactile Sensor Characterization through Openly Available Hardware and Software (OpenSense)",5,"1st Jan 2024-31st December 2024","Josie Hughes","Assistant Professor","CREATE Lab, IGM","EPFL","Final","01/24 to 12/24","[]",NA,NA,NA,NA,NA,NA,NA,NA,NA,NA,NA,NA,NA,NA,NA,NA,NA,NA,NA,NA,NA,NA,NA,NA,NA,NA,NA,NA,NA,NA,NA,NA,NA,NA,NA,NA,NA,NA,NA,NA,NA,NA,NA,NA,NA,NA,NA,NA,NA,NA,NA,NA,NA,NA,NA,NA,NA,NA,NA,NA,NA,NA,NA,NA,NA,NA,NA,NA,NA,NA,NA,NA,NA,NA,NA,NA,NA,NA,NA,NA,NA,NA,NA,NA
"raw/ORD_files/Contribute/Kaltenbach/final report/ETHD_ORD_M1_scientific_reporting_Contribute.pdf","FAIR and reproducible sharing of data, code and computational environment",4,"01.10.23 – 30.09.24","Hans-Michael Kaltenbach","Senior Scientist","Computational Systems Biology, D-BSSE","ETH Zürich","Final","01.10.23 – 30.09.24","[]",NA,NA,NA,NA,NA,NA,NA,NA,NA,NA,NA,NA,NA,NA,NA,NA,NA,NA,NA,NA,NA,NA,NA,NA,NA,NA,NA,NA,NA,NA,NA,NA,NA,NA,NA,NA,NA,NA,NA,NA,NA,NA,NA,NA,NA,NA,NA,NA,NA,NA,NA,NA,NA,NA,NA,NA,NA,NA,NA,NA,NA,NA,NA,NA,NA,NA,NA,NA,NA,NA,NA,NA,NA,NA,NA,NA,NA,NA,NA,NA,NA,NA,NA,NA
"raw/ORD_files/Contribute/Lukovic/final report/lukovic_ETHD_ORD_measure_1_scientific_reporting_v5_Contribute_FINAL-1.pdf","AI module for gap-filling TreeNet time series",5,"01.01.2024 – 31.12.2024","Mirko Lukovic","Scientist","Ecosystem Ecology - Forest Dynamics","WSL","Final","01.01.2024 – 31.12.2024","[]",NA,NA,NA,NA,NA,NA,NA,NA,NA,NA,NA,NA,NA,NA,NA,NA,NA,NA,NA,NA,NA,NA,NA,NA,NA,NA,NA,NA,NA,NA,NA,NA,NA,NA,NA,NA,NA,NA,NA,NA,NA,NA,NA,NA,NA,NA,NA,NA,NA,NA,NA,NA,NA,NA,NA,NA,NA,NA,NA,NA,NA,NA,NA,NA,NA,NA,NA,NA,NA,NA,NA,NA,NA,NA,NA,NA,NA,NA,NA,NA,NA,NA,NA,NA
"raw/ORD_files/Contribute/Paez/final report/ETHD_ORD_measure_1_scientific reporting template_Contribute_v2_updated_27.02.25.pdf","Open Access and Interoperability in Medical Wearables",7,"01.01.2025 - 31.05.2025","Diego Paez-Granados","Senior Researcher","ETH Zürich, SCAI Lab, Gloriastrasse 37/ 39 8092 Zürich Switzerland","ETH Zurich","Final",NA,NA,NA,NA,"ETH Zürich",NA,NA,NA,"EPFL",NA,NA,NA,"PSI",NA,NA,NA,"WSL",NA,NA,NA,"Empa",NA,NA,NA,"eawag",NA,NA,NA,NA,NA,NA,NA,NA,NA,NA,NA,NA,NA,NA,NA,NA,NA,NA,NA,NA,NA,NA,NA,NA,NA,NA,NA,NA,NA,NA,NA,NA,NA,NA,NA,NA,NA,NA,NA,NA,NA,NA,NA,NA,NA,NA,NA,NA,NA,NA,NA,NA,NA,NA,NA,NA,NA,NA,NA,NA,NA
"raw/ORD_files/Contribute/Paradis - 3rd call/final report/ETHD_MOSAIC-API.pdf","Application Programming Interface for the Modern Ocean Sediment Archive and Inventory of Carbon database (MOSAIC-API)",3,"01.07.2023 – 30.09.2024","Sarah Paradis","Post-doctoral researcher","Biogeoscience","Geological Institute","Final","01.07.2023 – 30.09.2024","[]",NA,NA,NA,NA,NA,NA,NA,NA,NA,NA,NA,NA,NA,NA,NA,NA,NA,NA,NA,NA,NA,NA,NA,NA,NA,NA,NA,NA,NA,NA,NA,NA,NA,NA,NA,NA,NA,NA,NA,NA,NA,NA,NA,NA,NA,NA,NA,NA,NA,NA,NA,NA,NA,NA,NA,NA,NA,NA,NA,NA,NA,NA,NA,NA,NA,NA,NA,NA,NA,NA,NA,NA,NA,NA,NA,NA,NA,NA,NA,NA,NA,NA,NA,NA
"raw/ORD_files/Contribute/Penedo/final report/Final_report.pdf","HDF5-USID scheme implementation in the Open-Source SPM project for Pycroscopy ecosystems",4,"01.09.23 to 29.02.24","Marcos Penedo Garcia","Senior Scientist","LBNI (STI-IBI)","EPFL","Final","INSUFFICIENT DATA","[]",NA,NA,NA,NA,NA,NA,NA,NA,NA,NA,NA,NA,NA,NA,NA,NA,NA,NA,NA,NA,NA,NA,NA,NA,NA,NA,NA,NA,NA,NA,NA,NA,NA,NA,NA,NA,NA,NA,NA,NA,NA,NA,NA,NA,NA,NA,NA,NA,NA,NA,NA,NA,NA,NA,NA,NA,NA,NA,NA,NA,NA,NA,NA,NA,NA,NA,NA,NA,NA,NA,NA,NA,NA,NA,NA,NA,NA,NA,NA,NA,NA,NA,NA,NA
"raw/ORD_files/Contribute/Robinson/final report/ETHD_ORD_measure_1_scientific_report_v5_Contribute_25.06.23_Robinson_submitted.pdf","Prediction of biodegradation potential from (meta)genomes: advancing the enviPathPlus ORD platform",6,"01.04.2025 – 31.03.2025","Serina Robinson","Group leader","Department of Environmental Microbiology","Eawag","Final","01.04.2025 – 31.03.2025",NA,"Martina Kalt",NA,NA,NA,"Yaochun Yu",NA,NA,NA,"Hans-Joachim Ruscheweyh",NA,NA,NA,"Kathrin Fenner",NA,NA,NA,"Shinichi Sunagawa",NA,NA,NA,"Serina Robinson",NA,NA,NA,NA,NA,NA,NA,NA,NA,NA,NA,NA,NA,NA,NA,NA,NA,NA,NA,NA,NA,NA,NA,NA,NA,NA,NA,NA,NA,NA,NA,NA,NA,NA,NA,NA,NA,NA,NA,NA,NA,NA,NA,NA,NA,NA,NA,NA,NA,NA,NA,NA,NA,NA,NA,NA,NA,NA,NA,NA,NA,NA,NA
"raw/ORD_files/Contribute/Scherrer/final report/ETHD_ORD_PhenoMast_scientific reporting.pdf","PhenoMast – Integration of standardized tree seed mast observations into existing phenology monitoring networks",1,"01.10.2022 – 30.09.2023","Daniel Scherrer","Scientific staff member","RU Forest Resources and Management","WSL","Final","01.10.2022 – 30.09.2023",NA,NA,NA,NA,NA,NA,NA,NA,NA,NA,NA,NA,NA,NA,NA,NA,NA,NA,NA,NA,NA,NA,NA,NA,NA,NA,NA,NA,NA,NA,NA,NA,NA,NA,NA,NA,NA,NA,NA,NA,NA,NA,NA,NA,NA,NA,NA,NA,NA,NA,NA,NA,NA,NA,NA,NA,NA,NA,NA,NA,NA,NA,NA,NA,NA,NA,NA,NA,NA,NA,NA,NA,NA,NA,NA,NA,NA,NA,NA,NA,NA,NA,NA,NA,NA
"raw/ORD_files/Contribute/Schultheiss/final report/231127_scientific_report_schultheiss.pdf","XYT : from raw GPS data to Mobility analysis",1,"1 December 2022 – 31 October 2023","Marc-Edouard Schultheiss","Postdoctoral researcher","LaSUR, ENAC, EPFL","EPFL","Final","1 December 2022 – 31 October 2023","[]",NA,NA,NA,NA,NA,NA,NA,NA,NA,NA,NA,NA,NA,NA,NA,NA,NA,NA,NA,NA,NA,NA,NA,NA,NA,NA,NA,NA,NA,NA,NA,NA,NA,NA,NA,NA,NA,NA,NA,NA,NA,NA,NA,NA,NA,NA,NA,NA,NA,NA,NA,NA,NA,NA,NA,NA,NA,NA,NA,NA,NA,NA,NA,NA,NA,NA,NA,NA,NA,NA,NA,NA,NA,NA,NA,NA,NA,NA,NA,NA,NA,NA,NA,NA
"raw/ORD_files/Contribute/Skaloud - 5th call/final report/EPFL_Prof. Skaloud_Jan_Scientific_ORD_M1_project_level_v5_20250130_FINAL.pdf","OGAIS – An Open Georeferencing of Airborne Image Spectrometry",6,"01.01.2024 - 31.12.2024","Jan Skaloud","Senior Scientists","ENAC-CRYOS-ESO","EPFL","Final","01.01.2024 - 31.12.2024","[]",NA,NA,NA,NA,NA,NA,NA,NA,NA,NA,NA,NA,NA,NA,NA,NA,NA,NA,NA,NA,NA,NA,NA,NA,NA,NA,NA,NA,NA,NA,NA,NA,NA,NA,NA,NA,NA,NA,NA,NA,NA,NA,NA,NA,NA,NA,NA,NA,NA,NA,NA,NA,NA,NA,NA,NA,NA,NA,NA,NA,NA,NA,NA,NA,NA,NA,NA,NA,NA,NA,NA,NA,NA,NA,NA,NA,NA,NA,NA,NA,NA,NA,NA,NA
"raw/ORD_files/Contribute/Tilley - 3rd call/final report/ETHD_ORD_measure_1_scientific reporting template_v5_Contribute_25.06.23_FINAL-tilley.pdf","Open JMP - unlocking the potential of global indicator data",3,"01.05.23 to 31.07.24 (incl. 3 month no-cost extension)","Elizabeth Tilley","Chair of Global Health Engineering","Department of Mechanical and Process Engineering (D-MAVT)","ETH Zurich","Final","01.05.23 to 31.07.24","[]",NA,NA,NA,NA,NA,NA,NA,NA,NA,NA,NA,NA,NA,NA,NA,NA,NA,NA,NA,NA,NA,NA,NA,NA,NA,NA,NA,NA,NA,NA,NA,NA,NA,NA,NA,NA,NA,NA,NA,NA,NA,NA,NA,NA,NA,NA,NA,NA,NA,NA,NA,NA,NA,NA,NA,NA,NA,NA,NA,NA,NA,NA,NA,NA,NA,NA,NA,NA,NA,NA,NA,NA,NA,NA,NA,NA,NA,NA,NA,NA,NA,NA,NA,NA
"raw/ORD_files/Contribute/Frei/Final report/Frei_report.pdf","Seizing the treasure: making long-term environmental data available for eLTER and beyond",1,"2022-09-01 – 2023-04-30","Esther Frei","Research Associate","Mountain Ecosystems, Alpine Environment and Natural Hazards","WSL Institute for Snow and Avalanche Research SLF","Final","INSUFFICIENT DATA",NA,"Mathias Bavay","Researcher, Research Unit Snow and Atmosphere","WSL","Collaboration on data curation and scientific integration (INFERRED FROM TEXT)","Mauro Marty","Researcher, Research Unit Land Change Science","WSL","Collaboration on data curation and publication (INFERRED FROM TEXT)","Marcus Schaub","Researcher, Research Unit Forest Soils and Biogeochemistry","WSL","Co-applicant, data and metadata curation (INFERRED FROM TEXT)","Frank Hagedorn","Researcher, Research Unit Land Change Science","WSL","Co-applicant, support in data evaluation and publication (INFERRED FROM TEXT)","Patrick Möhl","Researcher, Department of Environmental Sciences","UNIBAS","External scientific collaborator (INFERRED FROM TEXT)","Ignacio Barbeito","Researcher, Department of Forest Resources Management","UBC","External scientific collaborator (INFERRED FROM TEXT)","EnviDat team","ORD platform and data infrastructure support","WSL","Data hosting, infrastructure, IT support","Christoph Wohner","eLTER data management","Environment Agency Austria","Data interoperability and international network integration",NA,NA,NA,NA,NA,NA,NA,NA,NA,NA,NA,NA,NA,NA,NA,NA,NA,NA,NA,NA,NA,NA,NA,NA,NA,NA,NA,NA,NA,NA,NA,NA,NA,NA,NA,NA,NA,NA,NA,NA,NA,NA,NA,NA,NA,NA,NA,NA,NA,NA,NA,NA
"raw/ORD_files/Contribute/Holmes_Gentle/Final report/EPFL_Holmes_Gentle_report.pdf","SolarFuelsDB+",1,"Start: 1 Jul 2022; End: 31 Jan 2023 (extended to 31 May 2023)","Isaac Holmes-Gentle","Postdoctoral researcher","Laboratory of Renewable Energy Science and Engineering (STI IGM LRESE)","École polytechnique fédérale de Lausanne (EPFL)","Final","01/07/2022 to 31/05/2023","[]",NA,NA,NA,NA,NA,NA,NA,NA,NA,NA,NA,NA,NA,NA,NA,NA,NA,NA,NA,NA,NA,NA,NA,NA,NA,NA,NA,NA,NA,NA,NA,NA,NA,NA,NA,NA,NA,NA,NA,NA,NA,NA,NA,NA,NA,NA,NA,NA,NA,NA,NA,NA,NA,NA,NA,NA,NA,NA,NA,NA,NA,NA,NA,NA,NA,NA,NA,NA,NA,NA,NA,NA,NA,NA,NA,NA,NA,NA,NA,NA,NA,NA,NA,NA
"raw/ORD_files/Explore/Anciaux - 1st call/final scientific report/ETHD_ORD_measure_1_scientific reporting template_v5_Explore_27.09.24_FINAL.pdf","Cloud and web-based platform for dissemination of computational solid mechanics",1,"01.01.23 - 01.07.24","Guillaume Anciaux","Senior Scientist","LSMS","EPFL","Final","01.01.23 – 27.09.24",NA,"J.F. Molinari","Prof","LSMS – EPFL","Scientific Advisor and Supervision","N. Richart","Ph.D","SCITAS – EPFL","HPC Technical advisor",NA,NA,NA,NA,NA,NA,NA,NA,NA,NA,NA,NA,NA,NA,NA,NA,NA,NA,NA,NA,NA,NA,NA,NA,NA,NA,NA,NA,NA,NA,NA,NA,NA,NA,NA,NA,NA,NA,NA,NA,NA,NA,NA,NA,NA,NA,NA,NA,NA,NA,NA,NA,NA,NA,NA,NA,NA,NA,NA,NA,NA,NA,NA,NA,NA,NA,NA,NA,NA,NA,NA,NA,NA,NA,NA,NA
"raw/ORD_files/Explore/Anciaux - 2nd call/intermediate scientific report/ETHD_ORD_measure_1_scientific reporting_solidipes_latest.pdf","Solidipes: an interoperable tool for curation of research data",2,NA,"G. Anciaux","Senior Scientist, Ph.D","LSMS","EPFL","Intermediate","09/2024 - 07/2025",NA,"V.Saychenko","Dr","LASTRO-EPFL","Astrophysics coordination","A.Neronov","Dr","LASTRO-EPFL","Astrophysics coordination","A.Borel","Dr","Library-EPFL","Repository and DMP coordination","ETH Zürich",NA,"ETH Zürich",NA,"EPFL",NA,"EPFL",NA,"PAUL SCHERRER INSTITUT PSI",NA,"PAUL SCHERRER INSTITUT PSI",NA,"WSL",NA,"WSL",NA,"Empa Materials Science and Technology",NA,"Empa Materials Science and Technology",NA,"eawag aquatic research",NA,"eawag aquatic research",NA,NA,NA,NA,NA,NA,NA,NA,NA,NA,NA,NA,NA,NA,NA,NA,NA,NA,NA,NA,NA,NA,NA,NA,NA,NA,NA,NA,NA,NA,NA,NA,NA,NA,NA,NA,NA,NA,NA,NA,NA,NA,NA,NA,NA,NA,NA,NA,NA
"raw/ORD_files/Explore/Bonetti - 2nd call/intermediate scientific report/ETHD_ORD_Explore_FRAME_Intermediate report_final.pdf","A FAIR Protocol for Hybrid Models and Data in Hydrology (FRAME)",0,"start: 01.09.2024, end: 28.02.2026","Sara Bonetti","Assistant Professor","CHANGE - ENAC","EPFL","Intermediate","09.24 to 06.25",NA,NA,NA,NA,NA,NA,NA,NA,NA,NA,NA,NA,NA,NA,NA,NA,NA,NA,NA,NA,NA,NA,NA,NA,NA,NA,NA,NA,NA,NA,NA,NA,NA,NA,NA,NA,NA,NA,NA,NA,NA,NA,NA,NA,NA,NA,NA,NA,NA,NA,NA,NA,NA,NA,NA,NA,NA,NA,NA,NA,NA,NA,NA,NA,NA,NA,NA,NA,NA,NA,NA,NA,NA,NA,NA,NA,NA,NA,NA,NA,NA,NA,NA,NA,NA
"raw/ORD_files/Explore/Hahnloser  - 1st call/final scientific report/ETHD_ORD_measure_1_scientific reporting template_v5_Explore_25.06.23_FINAL_V1.pdf","Interfacing Natural Language Processing (NLP) Tools with Open Access Publications",1,"1st September 2022 – 1st March 2024","Richard Hahnloser","Professor","Birdsong and Natural Language Group","Institute of Neuroinformatics","Final","01/09/2022 to 01/03/2024",NA,"Jhony Prada","Technical staff","INI","Software Engineer","Nianlong Gu","ML Specialist","UZH","Machine Learning specialist","Yingqiang Gao","PhD","UZH, previously at INI","Researcher","Jessica Lam","PhD","INI","Researcher","Anna Kiepura","PhD","INI","Researcher",NA,NA,NA,NA,NA,NA,NA,NA,NA,NA,NA,NA,NA,NA,NA,NA,NA,NA,NA,NA,NA,NA,NA,NA,NA,NA,NA,NA,NA,NA,NA,NA,NA,NA,NA,NA,NA,NA,NA,NA,NA,NA,NA,NA,NA,NA,NA,NA,NA,NA,NA,NA,NA,NA,NA,NA,NA,NA,NA,NA,NA,NA,NA,NA
"raw/ORD_files/Explore/Kneib - 1st call/final scientific report/AstroORDAS_ETHD_ORD_measure_1_scientific_reporting_FINAL.pdf","Development of Open Research Data Analysis Services supplementing astronomical Open Research Data",0,"01.09.2023-28.02.2025","J.-P. Kneib","professor","LASTRO","EPFL","Final","01.09.2023-28.02.2025",NA,"Emma Tolley","Senior Scientist","EPFL LASTRO","Leader SKAO part","Andrii Neronov","Senior Scientist","EPFL LASTRO","Leader CTAO part",NA,NA,NA,NA,NA,NA,NA,NA,NA,NA,NA,NA,NA,NA,NA,NA,NA,NA,NA,NA,NA,NA,NA,NA,NA,NA,NA,NA,NA,NA,NA,NA,NA,NA,NA,NA,NA,NA,NA,NA,NA,NA,NA,NA,NA,NA,NA,NA,NA,NA,NA,NA,NA,NA,NA,NA,NA,NA,NA,NA,NA,NA,NA,NA,NA,NA,NA,NA,NA,NA,NA,NA,NA,NA,NA,NA
"raw/ORD_files/Explore/Mieville - 2nd call/final scientific report/ETHD_ORD_measure_1_scientific reporting template_v5_Explore_v2_updated_27.02.25.docx.pdf","High-Throughput Chemistry Based Open Research Database (HT-CHEMBORD)",2,"01.08.24 to 31.07.25","Pascal Miéville","Operational Director","Swiss CAT+ West Hub","EPFL","Final","08.24 to 07.25",NA,"Riba Grognuz Oksana","Head of ORD Engagement and Services","- SDSC (Swiss Data Science Center)- ORDES (Open Research Data Engagement and Services)","- Develop the research data infrastructure (RDI)- Semantic engineer domain ontology for metadata enhancement","ETH Zürich",NA,"ETH Zürich",NA,"EPFL",NA,"EPFL",NA,"PAUL SCHERRER INSTITUT PSI",NA,"PSI",NA,"WSL",NA,"WSL",NA,"Empa Materials Science and Technology",NA,"Empa",NA,"eawag aquatic research",NA,"eawag",NA,NA,NA,NA,NA,NA,NA,NA,NA,NA,NA,NA,NA,NA,NA,NA,NA,NA,NA,NA,NA,NA,NA,NA,NA,NA,NA,NA,NA,NA,NA,NA,NA,NA,NA,NA,NA,NA,NA,NA,NA,NA,NA,NA,NA,NA,NA,NA,NA,NA,NA,NA,NA,NA,NA,NA,NA
"raw/ORD_files/Explore/Riek - 1st call/final scientific report/241028 ETHD_ORD_measure_1_final_scientific report.pdf","Initiative for primary bio-NMR open research data",0,"01.03.2023 to 31.08.2024","Roland Riek","Professor","D-CHAB, Institute of Molecular and Physical Science","ETH Zürich","Final","01.03.2023 to 31.08.2024",NA,"Peter Güntert","Professor","D-CHAB, Institute of Molecular and Physical Science",NA,NA,NA,NA,NA,NA,NA,NA,NA,NA,NA,NA,NA,NA,NA,NA,NA,NA,NA,NA,NA,NA,NA,NA,NA,NA,NA,NA,NA,NA,NA,NA,NA,NA,NA,NA,NA,NA,NA,NA,NA,NA,NA,NA,NA,NA,NA,NA,NA,NA,NA,NA,NA,NA,NA,NA,NA,NA,NA,NA,NA,NA,NA,NA,NA,NA,NA,NA,NA,NA,NA,NA,NA,NA,NA,NA,NA,NA,NA,NA,NA
"raw/ORD_files/Explore/Skaloud - 2nd call/intermediate scientific report/ETHD_ORD_AddLidar_Intermediate_scientific.pdf","AddLidar – Airborne Laser Scanner Data Repository and Processing Portal for the ARES Observatory",2,"01.08.2024 - 28.02.2026 (18 m)","Jan Skaloud","Prof","ESO / ENAC","EPFL","Intermediate",NA,NA,NA,NA,NA,NA,NA,NA,NA,NA,NA,NA,NA,NA,NA,NA,NA,NA,NA,NA,NA,NA,NA,NA,NA,NA,NA,NA,NA,NA,NA,NA,NA,NA,NA,NA,NA,NA,NA,NA,NA,NA,NA,NA,NA,NA,NA,NA,NA,NA,NA,NA,NA,NA,NA,NA,NA,NA,NA,NA,NA,NA,NA,NA,NA,NA,NA,NA,NA,NA,NA,NA,NA,NA,NA,NA,NA,NA,NA,NA,NA,NA,NA,NA,NA,NA
"raw/ORD_files/Explore/Bowden/final report/ETHD_ORD_measure_1_scientific reporting_Bowden_Explore.pdf","COmmunity Needs of Open Research Data PractIces iN FibEr-Optic Sensing - Leading by Example",1,"01.01.2023 – 31.12.2023","Daniel Bowden","Senior Scientist (Oberassistent)","Seismology and Wave Physics – D-ERDW","ETH","Final","01/2023 to 12/2023",NA,"Dr. Andreas Fichtner","Professor","D-ERDW","Responsible ETH Professor","M. Koroni",NA,NA,NA,"S. Klaasen",NA,NA,NA,"Sebastian Noe",NA,NA,NA,NA,NA,NA,NA,NA,NA,NA,NA,NA,NA,NA,NA,NA,NA,NA,NA,NA,NA,NA,NA,NA,NA,NA,NA,NA,NA,NA,NA,NA,NA,NA,NA,NA,NA,NA,NA,NA,NA,NA,NA,NA,NA,NA,NA,NA,NA,NA,NA,NA,NA,NA,NA,NA,NA,NA,NA,NA,NA,NA,NA,NA,NA,NA,NA,NA,NA,NA,NA
"raw/ORD_files/Explore/Fonti/intermediate report/ETHD_ORD_measure_1_scientific reporting template_v5_Explore_v2_updated_27.02.25_PF.pdf","Towards an Open and Fair International Tree-Ring database for intra-annual tree-ring data",2,"from 01.09.24 to 28.02.26","P Fonti","Senior Scientist","Dendrosciences, Forest Dynamic","WSL","Intermediate","from 01.09.24 to 31.05.25",NA,"I. Iosifescu","Scientific collaborator","WSL","Guiding and technical-support","G. von Arx","Group leader","WSL","Guiding and dendro-support",NA,NA,NA,NA,NA,NA,NA,NA,NA,NA,NA,NA,NA,NA,NA,NA,NA,NA,NA,NA,NA,NA,NA,NA,NA,NA,NA,NA,NA,NA,NA,NA,NA,NA,NA,NA,NA,NA,NA,NA,NA,NA,NA,NA,NA,NA,NA,NA,NA,NA,NA,NA,NA,NA,NA,NA,NA,NA,NA,NA,NA,NA,NA,NA,NA,NA,NA,NA,NA,NA,NA,NA,NA,NA,NA,NA
"raw/ORD_files/Explore/Fonti/intermediate report/ETH_Domain_ORD_Event_Poster_XCELL.pdf","Towards an Open and FAIR Database for Intra-Annual Tree-Ring Data and Images",0,NA,"Mara Naegelin",NA,"Swiss Federal Institute for Forest, Snow and Landscape Research WSL","WSL","other",NA,NA,"Volodymyr Trotsiuk",NA,"WSL",NA,"Ionuț Iosifescu Enescu",NA,"WSL",NA,"Georg von Arx",NA,"WSL",NA,"Patrick Fonti",NA,"WSL",NA,NA,NA,NA,NA,NA,NA,NA,NA,NA,NA,NA,NA,NA,NA,NA,NA,NA,NA,NA,NA,NA,NA,NA,NA,NA,NA,NA,NA,NA,NA,NA,NA,NA,NA,NA,NA,NA,NA,NA,NA,NA,NA,NA,NA,NA,NA,NA,NA,NA,NA,NA,NA,NA,NA,NA,NA,NA,NA,NA,NA,NA,NA,NA,NA,NA,NA,NA,NA
"raw/ORD_files/Explore/Ginzler/intermediate report/ETHD_ORD_Forest3DTwin_Intermediate_Christian_Ginzler_20250630_scientific.pdf","Open Laser Scanning Database for characterization of Forest Biophysical properties and beyond",2,"1. Sept 2024 & 28. Feb 2026","Christian Ginzler","Senior Scientist / Teamleader","Remote Sensing","WSL","Intermediate","09.24 to 05.25",NA,NA,NA,NA,NA,NA,NA,NA,NA,NA,NA,NA,NA,NA,NA,NA,NA,NA,NA,NA,NA,NA,NA,NA,NA,NA,NA,NA,NA,NA,NA,NA,NA,NA,NA,NA,NA,NA,NA,NA,NA,NA,NA,NA,NA,NA,NA,NA,NA,NA,NA,NA,NA,NA,NA,NA,NA,NA,NA,NA,NA,NA,NA,NA,NA,NA,NA,NA,NA,NA,NA,NA,NA,NA,NA,NA,NA,NA,NA,NA,NA,NA,NA,NA,NA
"raw/ORD_files/Explore/Henne/final report/ETHD_ORD_measure_1_ExAiRIM_Final_report_submitted.pdf","Explore AiiDA for Regional Inverse Modelling of Greenhouse Gases",1,"2023-05-01 – 2024-07-31","Stephan Henne","Senior Scientist","Air Pollution / Environmental Technology","Empa, Switzerland","Final","05/23 to 07/24",NA,NA,NA,NA,NA,NA,NA,NA,NA,NA,NA,NA,NA,NA,NA,NA,NA,NA,NA,NA,NA,NA,NA,NA,NA,NA,NA,NA,NA,NA,NA,NA,NA,NA,NA,NA,NA,NA,NA,NA,NA,NA,NA,NA,NA,NA,NA,NA,NA,NA,NA,NA,NA,NA,NA,NA,NA,NA,NA,NA,NA,NA,NA,NA,NA,NA,NA,NA,NA,NA,NA,NA,NA,NA,NA,NA,NA,NA,NA,NA,NA,NA,NA,NA,NA
"raw/ORD_files/Explore/Hurni/intermediate report/ETHD_ORD_measure_1_FAIRGEO_scientific_report_July2025-1.pdf","Advancing open geodata practices in research communities (FAIRGeo)",2,"01.10.2024 – 31.03.2026","Lorenz Hurni","Head of Institute of Cartography & Geoinformation","Institute of Cartography and Geoinformation","ETH Zurich","Intermediate","10/24 to 06/25",NA,"Roman Walt","Staff member Maps and Geoinformation","ETH Zurich, ETH Library","Project co-manager, head WP2 Community & Practices",NA,NA,NA,NA,NA,NA,NA,NA,NA,NA,NA,NA,NA,NA,NA,NA,NA,NA,NA,NA,NA,NA,NA,NA,NA,NA,NA,NA,NA,NA,NA,NA,NA,NA,NA,NA,NA,NA,NA,NA,NA,NA,NA,NA,NA,NA,NA,NA,NA,NA,NA,NA,NA,NA,NA,NA,NA,NA,NA,NA,NA,NA,NA,NA,NA,NA,NA,NA,NA,NA,NA,NA,NA,NA,NA,NA,NA,NA,NA,NA
"raw/ORD_files/Explore/Kahles/intermediate report/ETHD_ORD_measure_1_scientific reporting template_v5_Explore_v2_updated_27.02.25.pdf","Starting a User Community for Cutting-Edge Sequence Search",2,"01.10.2024 – 31.03.2026","André Kahles","Senior Scientist","Department of Computer Science","ETH Zürich","Intermediate","01.10.2024 – 30.06.2025",NA,NA,NA,NA,NA,NA,NA,NA,NA,NA,NA,NA,NA,NA,NA,NA,NA,NA,NA,NA,NA,NA,NA,NA,NA,NA,NA,NA,NA,NA,NA,NA,NA,NA,NA,NA,NA,NA,NA,NA,NA,NA,NA,NA,NA,NA,NA,NA,NA,NA,NA,NA,NA,NA,NA,NA,NA,NA,NA,NA,NA,NA,NA,NA,NA,NA,NA,NA,NA,NA,NA,NA,NA,NA,NA,NA,NA,NA,NA,NA,NA,NA,NA,NA,NA
"raw/ORD_files/Explore/Riba/intermediate report/OpenPulse_ETHD_ORD_measure_1_scientific_reporting_intermediate.pdf","OpenPulse: Assessing Open Science community metrics for Open Source Software",1,"01.08.2024 – 31.01.2026","Oksana Riba Grognuz","Head of ORD Engagement & Services","Swiss Data Science Center - SDSC","EPFL","Intermediate","01.08.2024 - 30.04.2025",NA,"Olivier Verscheure","Executive Director","Swiss Data Science Center - SDSC",NA,NA,NA,NA,NA,NA,NA,NA,NA,NA,NA,NA,NA,NA,NA,NA,NA,NA,NA,NA,NA,NA,NA,NA,NA,NA,NA,NA,NA,NA,NA,NA,NA,NA,NA,NA,NA,NA,NA,NA,NA,NA,NA,NA,NA,NA,NA,NA,NA,NA,NA,NA,NA,NA,NA,NA,NA,NA,NA,NA,NA,NA,NA,NA,NA,NA,NA,NA,NA,NA,NA,NA,NA,NA,NA,NA,NA,NA,NA,NA,NA
"raw/ORD_files/Explore/Schaffner/intermediate report/ETHD_ORD_measure_1_scientific reporting_OpenNexus-e.pdf","OpenNexus-e: Supporting open science with a plugin-based research platform for energy models",2,"01.10.2024-31.03.2026","Christian Schaffner","Executive Director","Energy Science Center","ETH Zürich","Intermediate","01.10.2024-30.06.2025",NA,NA,NA,NA,NA,NA,NA,NA,NA,NA,NA,NA,NA,NA,NA,NA,NA,NA,NA,NA,NA,NA,NA,NA,NA,NA,NA,NA,NA,NA,NA,NA,NA,NA,NA,NA,NA,NA,NA,NA,NA,NA,NA,NA,NA,NA,NA,NA,NA,NA,NA,NA,NA,NA,NA,NA,NA,NA,NA,NA,NA,NA,NA,NA,NA,NA,NA,NA,NA,NA,NA,NA,NA,NA,NA,NA,NA,NA,NA,NA,NA,NA,NA,NA,NA
"raw/ORD_files/Explore/Schuler/intermediate report/iLog_mid-term.pdf","Integrated Instrument and Inventory Logbook for Experimental Science Labs",2,"from 01.09.24 to 28.02.26","Bruno Schuler","Group Leader","nanotech@surfaces Laboratory (205)","Empa","Intermediate","from 09/24 to 05/25",NA,"Simone Bafelli","Research Software Engineer","Scientific IT Group","Project coordination, software architect",NA,NA,NA,NA,NA,NA,NA,NA,NA,NA,NA,NA,NA,NA,NA,NA,NA,NA,NA,NA,NA,NA,NA,NA,NA,NA,NA,NA,NA,NA,NA,NA,NA,NA,NA,NA,NA,NA,NA,NA,NA,NA,NA,NA,NA,NA,NA,NA,NA,NA,NA,NA,NA,NA,NA,NA,NA,NA,NA,NA,NA,NA,NA,NA,NA,NA,NA,NA,NA,NA,NA,NA,NA,NA,NA,NA,NA,NA,NA,NA
"raw/ORD_files/Explore/Tilley - 1st call/intermediate report/ethd-ord-measure-01-explore-interim-report-openwashdata-scientific-report.pdf","Open WASH data by building Open Science Competencies and Community (openwashdata)",1,"01.03.2023 – 31.08.2024","Elizabeth Tilley","Chair of Global Health Engineering","Department of Mechanical and Process Engineering (D-MAVT)","ETH Zurich","Intermediate","03/23 to 11/23",NA,"Lars Schöbitz","Open Science Specialist","ETH Zurich D-MAVT Global Health Engineering","Project management and lead for WP1, WP2, WP3, and WP4.","Matthias Bannert","Research Software Engineer","ETH Zurich KOF Konjunkturforschungsstelle","Senior project advisor with lead for WP0 and contributor to WP2, WP3, and WP4.",NA,NA,NA,NA,NA,NA,NA,NA,NA,NA,NA,NA,NA,NA,NA,NA,NA,NA,NA,NA,NA,NA,NA,NA,NA,NA,NA,NA,NA,NA,NA,NA,NA,NA,NA,NA,NA,NA,NA,NA,NA,NA,NA,NA,NA,NA,NA,NA,NA,NA,NA,NA,NA,NA,NA,NA,NA,NA,NA,NA,NA,NA,NA,NA,NA,NA,NA,NA,NA,NA,NA,NA,NA,NA,NA,NA
"raw/ORD_files/Explore/Wang/final report/ETHD_ORD_HD_0620_scientific_report.pdf","A Toolbox for Providing Open Data on Chemical and Material Uses (OpenChemUses)",1,"01.05.2023 to 30.06.2025","Zhanyun Wang","Scientist","Technology and Society Laboratory","Empa","Final","01.02.2024 to 30.06.2025",NA,"Bernd Nowack","Group Leader","Empa","Group leader of the Group where the main applicant and PostDoc are at; regular discussion of the project implementation",NA,NA,NA,NA,NA,NA,NA,NA,NA,NA,NA,NA,NA,NA,NA,NA,NA,NA,NA,NA,NA,NA,NA,NA,NA,NA,NA,NA,NA,NA,NA,NA,NA,NA,NA,NA,NA,NA,NA,NA,NA,NA,NA,NA,NA,NA,NA,NA,NA,NA,NA,NA,NA,NA,NA,NA,NA,NA,NA,NA,NA,NA,NA,NA,NA,NA,NA,NA,NA,NA,NA,NA,NA,NA,NA,NA,NA,NA,NA,NA
"raw/ORD_files/Explore/Fantner 1st call/Final Report/Fantner_1st_call.pdf","An ecosystem for community driven scanning probe microscopy research and development",1,"01.01.23 to 30.06.24","Georg Fantner","Associate Professor","LBNI","EPFL","Final","30.09.23 to 30.06.24",NA,"Dr. Irit Goldian",NA,"WIS","Attended workshop to build open hardware SPM set to use with OpenSPM software","CSIR-Central Scientific Instruments Organisation",NA,"CSIR","Joined initiative and uses OpenSPM software in their SPMs","Weizmann Institute of Science",NA,"WIS","Main users and SPM user facility for project outputs","Chinese Academy of Science",NA,"Chinese Academy of Science","Collaboration and use of project outputs (ca. 6 users)","Czech Metrology Institute",NA,"Czech Metrology Institute","Maintainers of Gwyddion; implemented project formats in software",NA,NA,NA,NA,NA,NA,NA,NA,NA,NA,NA,NA,NA,NA,NA,NA,NA,NA,NA,NA,NA,NA,NA,NA,NA,NA,NA,NA,NA,NA,NA,NA,NA,NA,NA,NA,NA,NA,NA,NA,NA,NA,NA,NA,NA,NA,NA,NA,NA,NA,NA,NA,NA,NA,NA,NA,NA,NA,NA,NA,NA,NA,NA,NA
"raw/ORD_files/Explore/Fantner 2nd call/Intermediate report/Fantner_intermediate.pdf","Establishing the ecosystem for community driven scanning probe microscopy research and development",2,"1 Aug 2024 – 31 Jan 2026","Georg Fantner","Associate professor","LBNI","EPFL","Intermediate","1 Aug 2024 – 31 Jul 2025",NA,NA,NA,NA,NA,NA,NA,NA,NA,NA,NA,NA,NA,NA,NA,NA,NA,NA,NA,NA,NA,NA,NA,NA,NA,NA,NA,NA,NA,NA,NA,NA,NA,NA,NA,NA,NA,NA,NA,NA,NA,NA,NA,NA,NA,NA,NA,NA,NA,NA,NA,NA,NA,NA,NA,NA,NA,NA,NA,NA,NA,NA,NA,NA,NA,NA,NA,NA,NA,NA,NA,NA,NA,NA,NA,NA,NA,NA,NA,NA,NA,NA,NA,NA,NA
"raw/ORD_files/Establish/Pizzi/intermediate report/2024-05 - PREMISE intermediate scientific report.pdf","PREMISE: Open and Reproducible Materials Science Research",1,"1.4.2023-31.3.2026","Giovanni Pizzi","Group Leader","Laboratory for Materials Simulations","Paul Scherrer Institute PSI","Intermediate","1.4.2023-30.4.2024",NA,"Bernd Rinn","Head of Scientific IT Services","ETH Zurich","Provide ELN expert knowledge and supervision of ELN feature development","Corsin Battaglia","Head of Laboratory","Empa","Provide application/field interoperability challenges and supervise data collection","Carlo Pignedoli","Senior Scientist","Empa","Provide application/field interoperability challenges and supervise UI development","Helge Stein",NA,NA,"autonomous platforms (batteries and beyond)","Eibar Flores",NA,"SINTEF","ontologies/dlite","Jesper Friis",NA,"SINTEF","ontologies/dlite","Simon Stier",NA,"Fraunhofer","ontologies","Sandor Brockhauser",NA,"FAIRMAT","NeXus ontology","Steffen Brickmann",NA,"ELN Consortium","ELN file format","Simon Bekemeier",NA,"BAM","ORD transfer protocol","Martin Held",NA,"herbie","ORD transfer protocol","Martin Starman",NA,"chemotion","ORD transfer protocol","Stefan Kuhn",NA,"NMRShiftDB","ORD transfer protocol","Nikita Shepelin",NA,"PSI","AiiDA-PLD (Pulse Laser Deposition system) integration","Nukorn Plainpan",NA,NA,NA,"Fabio Andre DaCostaLopes",NA,NA,NA,"Edan Bainglass",NA,NA,NA,"Caterina Barillari",NA,NA,NA,"Corsin Battaglia",NA,NA,NA,"Carlo Pignedoli",NA,NA,NA,"Giovanni Pizzi",NA,NA,NA
"raw/ORD_files/Establish/Pizzi/intermediate report/2024-06-PIZZI-ORD-PREMISE-presentation.pdf","Open and Reproducible Materials Science Research",NA,NA,"Giovanni Pizzi",NA,NA,"Paul Scherrer Institute PSI",NA,NA,NA,"Nukorn Plainpan",NA,"Empa",NA,"Fabio Lopes",NA,"Empa",NA,"Edan Bainglass",NA,"PSI",NA,"Caterina Barillari",NA,"ETH Zurich",NA,"Corsin Battaglia",NA,"Empa",NA,"Carlo Pignedoli",NA,"Empa",NA,"Giovanni Pizzi",NA,"PSI",NA,"Peter Kraus",NA,NA,NA,"Francisco F. Ramirez",NA,NA,NA,"Enea Svaluto-Ferro",NA,NA,NA,"Loris Ercole",NA,NA,NA,"Benjamin Kunz",NA,NA,NA,"Sebastiaan P. Huber",NA,NA,NA,"Nicola Marzari",NA,NA,NA,NA,NA,NA,NA,NA,NA,NA,NA,NA,NA,NA,NA,NA,NA,NA,NA,NA,NA,NA,NA,NA,NA,NA,NA,NA,NA,NA,NA
"raw/ORD_files/Establish/Stahlberg/Intermediate report/Stahlberg_Int_report.pdf","OpenEM",1,"01.06.23 to 30.11.25","H. Stahlberg","Professor","LBEM, Inst. of Physics, Basic Sciences","EPFL","Intermediate","01.06.23 to 31.10.24",NA,"Henning Stahlberg","Professor","EPFL","Project Management; Integration with international repositories (WP3)","Spencer Bliven","Scientific Engineer","PSI","Project Coordination; Coordination SwissUniversities CHORD partners; SciCat devel., operation (WP2)","Rolf Erni","Professor","Empa","Standards for material science (WP1)","Christophe Coperet","Professor","ETH Zurich","Storage and Archiving (WP2.2)","Volodymyr Korkhov","Professor","ETH Zurich","Scientific consultation; SciCat development and operation (WP2)","Gebhard Schertler","Professor","PSI","Scientific consultation; SciCat development and operation (WP2)","Robbie Loewith","Professor","UNIGE","Automatic deposition in SciCat (WP1)","Benoît Zuber","Professor","UNIBE","User training and outreach (WP4)","Timm Maier","Professor","UNIBA","Standards for Life Science (WP1)","Christel Genoud","Professor","UNIL","Integration with international repositories (WP3)",NA,NA,NA,NA,NA,NA,NA,NA,NA,NA,NA,NA,NA,NA,NA,NA,NA,NA,NA,NA,NA,NA,NA,NA,NA,NA,NA,NA,NA,NA,NA,NA,NA,NA,NA,NA,NA,NA,NA,NA,NA,NA,NA,NA
